frase,situacao
"sinto dor no peito e falta de ar",alto risco
"estou com um aperto forte no peito que desce para o braço esquerdo",alto risco
"a dor no peito começou em repouso e não passa há meia hora",alto risco
"sinto um peso no peito e estou suando frio",alto risco
"dor no peito com enjoo e suor frio desde cedo",alto risco
"meu peito dói muito e a dor vai para as costas e o queixo",alto risco
"acordei com falta de ar e precisei sentar na cama para respirar",alto risco
"não consigo respirar direito nem sentado",alto risco
"desmaiei enquanto caminhava e bati a cabeça",alto risco
"tive um desmaio do nada no trabalho hoje",alto risco
"meu coração disparou e a vista escureceu",alto risco
"sinto palpitação forte com tontura e quase caí",alto risco
"minha boca ficou torta de repente e a fala está enrolada",alto risco
"perdi a força do braço direito há uma hora",alto risco
"meu rosto ficou dormente de um lado e não consigo sorrir",alto risco
"de repente parei de enxergar de um olho e a cabeça dói muito",alto risco
"estou com a pior dor de cabeça da minha vida",alto risco
"minha pressão está 20 por 13 e estou com dor de cabeça forte",alto risco
"a pressão subiu muito e estou com a visão embaçada",alto risco
"falta de ar súbita depois que voltei de uma viagem longa",alto risco
"estou tossindo sangue e sinto dor no peito ao respirar",alto risco
"minha perna está inchada e agora sinto falta de ar",alto risco
"estou com os lábios roxos e muita dificuldade para respirar",alto risco
"sinto o coração batendo muito devagar e estou fraco e tonto",alto risco
"a dor no peito piora a cada minuto e estou ficando sem ar",alto risco
"sinto aperto no peito com qualquer esforço, até para tomar banho",alto risco
"a dor no peito voltou mais forte e não melhorou com o remédio debaixo da língua",alto risco
"sou diabético e estou com falta de ar e suor frio sem motivo",alto risco
"sinto uma queimação forte no peito com náusea e o braço esquerdo formigando",alto risco
"meu pai está confuso, com a fala arrastada e o braço caído",alto risco
"minha mãe desmaiou e está respirando com dificuldade",alto risco
"tenho falta de ar mesmo parado e as pernas estão muito inchadas",alto risco
"acordo sufocado à noite e preciso de três travesseiros para dormir",alto risco
"meu coração está acelerado há horas e sinto dor no peito",alto risco
"sinto o coração falhando e quase desmaiei duas vezes hoje",alto risco
"senti uma dor forte no peito durante o treino e precisei parar",alto risco
"dor intensa no peito que irradia para a mandíbula",alto risco
"sinto um aperto no peito com sensação de que vou morrer",alto risco
"estou com fraqueza em um lado do corpo e dificuldade para falar",alto risco
"o lado esquerdo do meu rosto caiu e minha mão não obedece",alto risco
"dor de cabeça súbita e muito forte com vômito",alto risco
"dor muito forte nas costas que começou de repente e parece rasgar",alto risco
"tontura forte com o coração disparado e sensação de desmaio",alto risco
"a respiração está curta e não consigo terminar uma frase",alto risco
"inchaço repentino em uma perna com dor e falta de ar",alto risco
"dor em pontada no peito que piora ao respirar e febre alta",alto risco
"tive infarto no ano passado e voltei a sentir o mesmo aperto no peito",alto risco
"depois da cirurgia fiquei com falta de ar e dor no peito ao respirar fundo",alto risco
"o marcapasso apitou e estou me sentindo muito fraco e tonto",alto risco
"meu filho desmaiou jogando futebol e demorou para acordar",alto risco
"senti o coração disparar e apaguei por alguns segundos",alto risco
"sinto dor no peito e um enjoo muito forte desde a madrugada",alto risco
"estou suando frio, pálido e com dor na boca do estômago",alto risco
"a pressão está muito alta e estou com dor no peito",alto risco
"sinto o peito apertado e o ar não entra",alto risco
"a falta de ar piorou muito nas últimas horas",alto risco
"estou com dor no peito e o braço esquerdo dormente",alto risco
"a vista escurece, estou suando frio e o coração está muito lento",alto risco
"senti formigamento no braço e na perna do mesmo lado de repente",alto risco
"minha fala ficou embolada e a boca torta há quarenta minutos",alto risco
"dor muito forte no peito e sensação de que vou desmaiar",alto risco
"não consigo subir um degrau sem perder o fôlego e sinto dor no peito",alto risco
"palpitação com falta de ar e dor no peito",alto risco
"o coração está batendo rápido e irregular e estou sem ar",alto risco
"acordei de madrugada com dor no peito e suor frio",alto risco
"dor forte no peito há vinte minutos que não alivia com repouso",alto risco
"minha avó está com falta de ar, lábios arroxeados e muito sonolenta",alto risco
"dor no peito e tosse com sangue depois de uma cirurgia no joelho",alto risco
"cansaço extremo de repente com falta de ar e enjoo",alto risco
"estou com o lado direito do corpo dormente e a fala esquisita",alto risco
"dor no peito com a pressão muito alta e visão turva",alto risco
"dor de cabeça explosiva que começou do nada",alto risco
"o coração está disparado acima de 180 batimentos e estou tonto",alto risco
"desmaiei ao subir a escada e o médico disse que tenho sopro",alto risco
"estou com muita falta de ar e as pernas inchando a cada dia",alto risco
"tive um leve incômodo nas costas",baixo risco
"estou com dor muscular depois da academia",baixo risco
"sinto um pouco de cansaço depois de uma noite mal dormida",baixo risco
"meu nariz está escorrendo e espirro muito",baixo risco
"sinto uma dor leve na perna quando fico muito tempo em pé",baixo risco
"sinto azia depois de comer feijoada",baixo risco
"estou com dor de cabeça leve depois de muito tempo no computador",baixo risco
"o coração acelerou depois que tomei três cafés, mas já passou",baixo risco
"dor no ombro quando levanto o braço depois de pintar a parede",baixo risco
"quero renovar a receita do remédio de pressão",baixo risco
"minha pressão está controlada e vim para a consulta de rotina",baixo risco
"tenho uma tosse leve por causa do resfriado",baixo risco
"sinto as pernas cansadas no fim do dia de trabalho",baixo risco
"sinto uma pequena dor no joelho ao subir escadas",baixo risco
"estou com a garganta irritada desde ontem",baixo risco
"dor nas costas depois de carregar caixas na mudança",baixo risco
"fico ansioso antes das provas, mas passa logo",baixo risco
"estou com o tornozelo inchado depois de torcer o pé",baixo risco
"dor no peito que piora quando aperto o local, desde o treino de supino",baixo risco
"sinto fraqueza quando fico muito tempo sem comer",baixo risco
"tive câimbra na panturrilha durante a noite",baixo risco
"estou com coceira e manchas vermelhas no braço",baixo risco
"sinto os olhos cansados no fim do dia",baixo risco
"estou com dor de dente há dois dias",baixo risco
"sinto dor na lombar quando fico muito tempo sentado",baixo risco
"tontura leve quando levanto rápido da cama, que passa em segundos",baixo risco
"fico ofegante depois de correr cinco quilômetros, como sempre",baixo risco
"fiz o eletrocardiograma de rotina e deu normal",baixo risco
"quero saber se posso voltar a correr depois do resfriado",baixo risco
"senti um pouco de enjoo depois de andar de barco",baixo risco
"dor de estômago depois de comer demais no almoço",baixo risco
"sinto o pescoço tenso por causa do estresse",baixo risco
"sinto uma dor leve no punho de tanto digitar",baixo risco
"estou cansado depois de uma semana de muito trabalho",baixo risco
"sinto uma pontada leve nas costas quando me abaixo",baixo risco
"a dor de cabeça melhora com analgésico e descanso",baixo risco
"estou com o nariz entupido e a voz rouca",baixo risco
"dormi de mau jeito e acordei com torcicolo",baixo risco
"suo bastante quando faço exercício no sol",baixo risco
"sinto dor nas pernas depois da corrida de domingo",baixo risco
"meu exame de colesterol veio um pouco alto",baixo risco
"quero orientação sobre alimentação saudável para o coração",baixo risco
"sobrou só uma tosse leve depois da gripe da semana passada",baixo risco
"sinto as mãos frias no inverno",baixo risco
"o coração acelera quando fico nervoso em apresentações e depois volta ao normal",baixo risco
"estou com dor na sola do pé ao caminhar",baixo risco
"ganhei um pouco de peso nas férias",baixo risco
"tenho insônia de vez em quando",baixo risco
"as costas ficaram doloridas depois de dormir no sofá",baixo risco
"bati o braço na porta e ficou roxo",baixo risco
"preciso de um atestado para fazer academia",baixo risco
"sinto um leve formigamento no pé quando cruzo as pernas",baixo risco
"tive dor de cabeça por ficar muitas horas sem comer",baixo risco
"estou com cólica menstrual como todo mês",baixo risco
"sinto um incômodo no estômago depois do café",baixo risco
"tenho rinite e o nariz coça muito",baixo risco
"sinto dor na coxa depois de pedalar",baixo risco
"estou com a unha do pé encravada",baixo risco
"sinto um cansaço leve no fim do dia, mas durmo bem e acordo disposto",baixo risco
"queria medir a pressão só para conferir",baixo risco
"sinto dor no cotovelo quando jogo tênis",baixo risco
"tive uma diarreia leve depois de comer fora",baixo risco
"as pernas incham um pouco no calor e melhoram de manhã",baixo risco
"dói a costela quando aperto, desde que caí de bicicleta ontem",baixo risco
"senti uma palpitação rápida de poucos segundos depois de um susto",baixo risco
"estou com o olho vermelho e coçando",baixo risco
"sinto uma tontura leve quando fico muito tempo no sol sem beber água",baixo risco
"sinto dor nos ombros por causa da postura no trabalho",baixo risco
"minha pressão deu 12 por 8 na farmácia",baixo risco
"sinto o coração bater mais forte depois de subir a escada correndo, mas logo normaliza",baixo risco
"tomo meu remédio de pressão certinho e estou me sentindo bem",baixo risco
"tenho um pequeno hematoma na perna depois de uma pancada",baixo risco
"estou com prisão de ventre há dois dias",baixo risco
"quero saber quantas vezes por semana devo fazer caminhada",baixo risco
"sinto um pouco de sono depois do almoço",baixo risco
